user00000,2002-05-16,2009-04-26
user00001,2013-03-18,2015-02-11
user00002,2007-01-06,2014-01-24
user00003,2005-09-06,2012-11-03
user00004,2018-06-13,2019-12-22
user00005,2016-03-25,2017-11-04
user00006,2018-06-03,2020-09-01
user00007,2010-12-10,2019-05-14
user00008,2008-04-29,2015-08-06
user00009,2010-03-08,2016-11-19
user00010,2004-11-22,2011-06-01
user00011,2012-10-07,2016-10-07
user00012,2007-01-04,2013-12-22
user00013,2007-03-03,2009-11-26
user00014,2014-02-03,2022-10-21
user00015,2000-01-29,2000-11-16
user00016,2013-01-19,2018-06-05
user00017,2011-06-23,2018-09-23
user00018,2013-12-28,2018-02-09
user00019,2012-02-25,2016-06-19
user00020,2011-07-03,2019-05-24
user00021,2015-11-07,2023-05-03
user00022,2019-04-07,2024-06-03
user00023,2015-06-06,2017-10-26
user00024,2020-01-24,2026-04-06
user00025,2005-12-20,2008-07-22
user00026,2004-07-07,2005-07-21
user00027,2020-03-21,2027-06-11
user00028,2006-10-15,2009-11-20
user00029,2015-02-02,2022-03-06
user00030,2017-12-13,2019-04-08
user00031,2016-09-30,2018-11-15
user00032,2007-09-09,2011-11-18
user00033,2006-04-19,2013-04-13
user00034,2018-12-20,2026-11-29
user00035,2002-08-18,2012-07-06
user00036,2003-12-28,2008-05-15
user00037,2016-11-01,2018-06-07
user00038,2010-02-24,2013-06-02
user00039,2000-06-15,2009-11-17
user00040,2019-02-16,2021-12-30
user00041,2008-01-26,2009-07-17
user00042,2010-05-23,2012-01-01
user00043,2020-09-04,2022-12-02
user00044,2015-02-05,2016-08-16
user00045,2017-10-22,2019-11-12
user00046,2000-12-28,2008-02-13
user00047,2014-04-30,2020-01-25
user00048,2007-11-13,2014-06-30
user00049,2016-02-14,2020-11-20
user00050,2008-02-06,2010-03-22
user00051,2005-01-29,2005-05-17
user00052,2017-05-09,2023-05-29
user00053,2014-03-24,2015-05-05
user00054,2018-11-28,2025-03-03
user00055,2003-01-25,2004-09-01
user00056,2008-08-19,2018-02-18
user00057,2019-03-31,2024-03-22
user00058,2019-07-25,2020-02-22
user00059,2002-03-09,2003-04-02
user00060,2018-05-16,2021-04-03
user00061,2006-08-28,2011-09-06
user00062,2013-08-24,2016-01-20
user00063,2014-06-24,2015-03-25
user00064,2015-02-01,2023-12-09
user00065,2008-03-16,2013-06-14
user00066,2019-03-17,2024-11-09
user00067,2011-08-21,2013-06-28
user00068,2017-07-30,2025-08-24
user00069,2006-11-01,2012-02-08
user00070,2005-09-16,2006-05-17
user00071,2018-01-05,2024-03-18
user00072,2000-03-28,2003-05-08
user00073,2009-11-12,2011-02-18
user00074,2002-05-29,2006-03-29
user00075,2012-04-04,2015-02-12
user00076,2001-08-13,2007-03-25
user00077,2013-10-12,2021-08-29
user00078,2018-06-17,2019-06-24
user00079,2001-02-02,2009-12-17
user00080,2013-06-26,2017-02-06
user00081,2017-08-09,2022-09-10
user00082,2002-10-13,2011-04-22
user00083,2019-12-24,2020-01-25
user00084,2013-11-26,2016-03-19
user00085,2002-04-09,2003-04-17
user00086,2019-12-27,2022-08-13
user00087,2018-05-01,2019-11-30
user00088,2002-11-24,2006-11-03
user00089,2000-01-01,2000-07-18
user00090,2014-02-23,2020-06-21
user00091,2004-11-25,2011-09-18
user00092,2012-07-14,2013-07-05
user00093,2000-03-23,2001-08-20
user00094,2000-10-06,2003-02-27
user00095,2007-06-15,2011-04-17
user00096,2004-11-15,2007-12-21
user00097,2005-04-15,2011-10-08
user00098,2008-02-01,2015-03-29
user00099,2018-07-24,2025-09-01
user00100,2000-05-29,2009-03-04
user00101,2002-06-20,2008-01-18
user00102,2020-10-03,2023-03-25
user00103,2007-01-02,2011-10-30
user00104,2015-06-28,2024-12-01
user00105,2017-05-07,2026-12-29
user00106,2013-05-12,2018-08-23
user00107,2010-03-09,2018-06-30
user00108,2020-01-12,2022-05-16
user00109,2018-07-22,2024-09-04
user00110,2014-04-17,2020-09-18
user00111,2007-01-23,2011-07-28
user00112,2017-06-13,2020-04-27
user00113,2004-09-23,2010-01-15
user00114,2011-03-24,2019-04-28
user00115,2003-03-21,2010-08-18
user00116,2002-06-09,2011-01-04
user00117,2011-05-01,2017-08-05
user00118,2005-12-26,2009-10-10
user00119,2008-02-08,2011-05-24
user00120,2010-01-02,2016-02-14
user00121,2009-02-01,2014-05-26
user00122,2016-01-31,2021-08-09
user00123,2019-01-29,2019-04-08
user00124,2015-11-09,2017-06-08
user00125,2011-06-09,2015-02-20
user00126,2009-04-27,2010-07-19
user00127,2018-03-09,2022-01-14
user00128,2010-04-28,2012-05-30
user00129,2015-09-30,2016-01-25
user00130,2005-02-13,2008-05-21
user00131,2007-09-21,2017-04-18
user00132,2005-09-09,2008-10-20
user00133,2009-03-05,2009-09-02
user00134,2012-04-10,2018-09-19
user00135,2003-10-23,2004-01-10
user00136,2011-10-04,2017-03-19
user00137,2019-11-11,2021-11-29
user00138,2018-05-31,2023-05-25
user00139,2011-02-06,2018-07-22
user00140,2009-11-12,2011-06-05
user00141,2001-05-03,2006-06-16
user00142,2011-06-11,2014-08-03
user00143,2012-04-06,2022-02-17
user00144,2015-01-30,2016-10-13
user00145,2001-04-19,2003-02-05
user00146,2001-08-01,2006-02-03
user00147,2019-12-29,2025-09-22
user00148,2000-02-23,2004-03-19
user00149,2010-01-13,2013-04-10
user00150,2007-10-19,2013-12-29
user00151,2020-12-07,2030-01-05
user00152,2006-05-05,2007-07-13
user00153,2019-07-15,2022-10-05
user00154,2016-01-10,2025-06-19
user00155,2000-12-07,2003-12-13
user00156,2010-11-24,2014-01-11
user00157,2010-02-04,2015-10-25
user00158,2017-11-08,2022-09-16
user00159,2001-02-18,2009-07-31
user00160,2008-06-15,2011-04-26
user00161,2019-12-04,2022-02-24
user00162,2008-03-27,2010-06-28
user00163,2015-01-03,2024-02-21
user00164,2008-07-03,2016-12-25
user00165,2004-06-13,2007-03-13
user00166,2007-11-20,2013-09-21
user00167,2020-07-17,2023-01-31
user00168,2016-01-20,2019-11-04
user00169,2003-07-06,2004-02-29
user00170,2008-08-15,2012-09-08
user00171,2011-07-26,2017-02-20
user00172,2010-12-24,2013-03-11
user00173,2018-02-18,2022-06-25
user00174,2017-06-21,2021-05-30
user00175,2015-02-17,2024-05-14
user00176,2013-06-02,2021-10-20
user00177,2008-02-17,2016-07-29
user00178,2002-06-11,2005-01-30
user00179,2011-03-30,2011-07-06
user00180,2015-05-14,2019-08-02
user00181,2006-08-06,2008-03-30
user00182,2008-08-08,2014-03-26
user00183,2010-11-29,2012-11-17
user00184,2015-11-15,2025-06-27
user00185,2015-11-03,2022-01-11
user00186,2005-12-30,2006-01-30
user00187,2014-07-17,2022-08-19
user00188,2004-07-06,2010-11-23
user00189,2015-06-29,2017-07-10
user00190,2006-02-13,2008-09-26
user00191,2000-01-16,2001-09-08
user00192,2020-12-22,2027-03-03
user00193,2011-02-20,2011-04-12
user00194,2014-10-15,2015-12-11
user00195,2005-09-12,2015-05-24
user00196,2005-06-09,2014-08-09
user00197,2013-02-19,2020-11-26
user00198,2007-05-25,2009-11-12
user00199,2019-03-02,2020-10-01
user00200,2005-01-11,2005-02-22
user00201,2011-11-21,2020-06-01
user00202,2013-07-31,2014-02-23
user00203,2018-10-30,2025-04-22
user00204,2003-09-06,2009-11-17
user00205,2017-03-16,2017-09-15
user00206,2020-12-11,2021-12-27
user00207,2012-03-08,2019-12-02
user00208,2015-08-04,2023-04-03
user00209,2011-03-23,2017-10-11
user00210,2009-08-08,2011-04-02
user00211,2007-07-30,2009-02-19
user00212,2002-04-20,2004-01-03
user00213,2007-02-11,2011-03-30
user00214,2002-05-05,2009-05-18
user00215,2002-07-04,2003-04-21
user00216,2009-06-28,2014-05-10
user00217,2020-10-22,2023-02-15
user00218,2018-02-03,2024-07-27
user00219,2000-07-05,2009-03-11
user00220,2003-06-28,2011-04-22
user00221,2012-01-28,2017-09-04
user00222,2014-08-18,2022-08-04
user00223,2018-04-08,2022-08-13
user00224,2019-12-23,2022-03-26
user00225,2012-11-22,2013-09-19
user00226,2016-02-11,2024-01-11
user00227,2007-07-08,2008-01-31
user00228,2011-11-17,2012-09-27
user00229,2010-03-30,2018-01-29
user00230,2001-05-03,2010-05-15
user00231,2020-06-20,2025-04-09
user00232,2020-12-02,2022-09-03
user00233,2010-05-11,2015-04-14
user00234,2005-10-18,2006-04-04
user00235,2002-09-10,2011-02-12
user00236,2004-06-11,2011-08-09
user00237,2015-07-30,2021-11-08
user00238,2017-02-07,2025-11-22
user00239,2017-08-15,2018-06-26
user00240,2003-02-19,2008-08-24
user00241,2019-08-11,2029-02-05
user00242,2019-09-02,2021-04-06
user00243,2008-06-12,2016-11-05
user00244,2000-09-29,2008-08-10
user00245,2015-08-31,2021-06-14
user00246,2001-10-29,2005-06-01
user00247,2000-10-16,2005-03-08
user00248,2014-05-26,2015-06-11
user00249,2011-05-28,2021-03-23
user00250,2010-07-05,2016-10-01
user00251,2003-09-17,2010-09-09
user00252,2006-06-26,2014-03-24
user00253,2018-09-29,2021-06-18
user00254,2019-10-19,2024-08-25
user00255,2006-08-27,2007-05-20
user00256,2020-01-05,2029-02-04
user00257,2006-11-08,2013-03-08
user00258,2020-09-19,2023-03-12
user00259,2007-11-26,2012-11-10
user00260,2014-03-26,2014-12-27
user00261,2006-03-23,2012-10-05
user00262,2020-07-04,2028-02-29
user00263,2000-11-01,2001-09-06
user00264,2008-02-16,2010-06-30
user00265,2020-07-11,2021-02-03
user00266,2008-07-30,2013-02-08
user00267,2012-03-14,2019-11-17
user00268,2015-09-08,2019-10-02
user00269,2003-03-10,2003-09-17
user00270,2001-05-19,2005-03-05
user00271,2019-09-24,2020-02-11
user00272,2008-11-05,2011-09-18
user00273,2008-02-05,2011-09-15
user00274,2004-02-05,2007-08-26
user00275,2020-03-14,2025-02-14
user00276,2010-06-16,2019-03-05
user00277,2018-04-10,2023-10-31
user00278,2003-08-05,2009-03-25
user00279,2007-03-24,2011-11-16
user00280,2007-07-21,2007-09-19
user00281,2011-08-16,2021-07-22
user00282,2005-02-17,2012-01-26
user00283,2012-12-27,2018-07-13
user00284,2020-03-17,2028-07-14
user00285,2006-01-02,2007-08-12
user00286,2006-06-29,2013-08-19
user00287,2004-06-16,2010-11-30
user00288,2004-01-30,2009-02-28
user00289,2018-08-05,2022-10-20
user00290,2008-09-25,2011-02-10
user00291,2003-05-17,2005-11-04
user00292,2000-06-12,2004-11-19
user00293,2012-05-15,2020-10-20
user00294,2000-09-23,2002-05-09
user00295,2008-03-02,2008-12-16
user00296,2001-03-13,2004-09-13
user00297,2012-01-14,2014-02-23
user00298,2001-05-12,2009-05-17
user00299,2016-03-23,2018-11-16
user00300,2001-03-27,2009-09-12
user00301,2011-07-14,2018-10-01
user00302,2014-04-28,2018-03-01
user00303,2000-03-04,2006-06-30
user00304,2018-01-22,2027-05-26
user00305,2013-12-28,2014-12-31
user00306,2005-09-20,2011-04-19
user00307,2009-11-01,2010-07-10
user00308,2000-01-05,2001-10-31
user00309,2018-08-31,2026-02-05
user00310,2019-01-20,2022-10-17
user00311,2019-08-19,2028-05-22
user00312,2018-07-26,2020-06-20
user00313,2001-05-10,2010-04-07
user00314,2010-02-21,2016-03-13
user00315,2016-11-27,2020-06-09
user00316,2019-08-31,2026-03-28
user00317,2005-04-02,2014-09-18
user00318,2015-10-21,2016-11-28
user00319,2005-11-13,2008-01-19
user00320,2013-04-13,2016-02-07
user00321,2008-04-02,2010-05-30
user00322,2019-06-07,2024-01-11
user00323,2014-05-28,2023-08-21
user00324,2010-06-10,2020-05-28
user00325,2004-09-27,2011-12-08
user00326,2017-05-02,2020-03-02
user00327,2013-04-09,2014-11-02
user00328,2003-07-19,2010-10-03
user00329,2016-10-30,2022-06-22
user00330,2004-02-24,2004-11-06
user00331,2014-03-14,2018-11-25
user00332,2007-05-20,2010-10-05
user00333,2018-01-22,2020-05-11
user00334,2014-04-10,2023-09-02
user00335,2004-07-28,2006-01-12
user00336,2011-01-26,2013-03-30
user00337,2009-05-29,2015-12-02
user00338,2010-04-30,2019-07-24
user00339,2011-01-27,2011-12-29
user00340,2013-12-18,2018-02-23
user00341,2009-09-08,2018-05-08
user00342,2000-09-18,2009-02-12
user00343,2002-07-21,2009-12-27
user00344,2004-01-14,2005-08-29
user00345,2010-02-13,2011-11-17
user00346,2015-12-01,2024-06-29
user00347,2010-07-17,2019-10-09
user00348,2017-06-26,2024-02-02
user00349,2002-09-13,2009-03-04
user00350,2017-06-26,2021-05-30
user00351,2002-02-06,2008-06-14
user00352,2002-11-27,2009-03-16
user00353,2000-03-03,2009-10-04
user00354,2003-02-13,2009-03-25
user00355,2019-09-09,2025-04-07
user00356,2009-05-12,2015-09-21
user00357,2005-11-22,2009-11-28
user00358,2018-06-04,2019-07-14
user00359,2008-07-20,2011-01-16
user00360,2020-07-05,2030-02-05
user00361,2010-03-19,2012-05-28
user00362,2003-03-28,2009-01-17
user00363,2020-04-22,2028-12-19
user00364,2015-07-09,2018-04-21
user00365,2009-03-26,2010-07-07
user00366,2002-09-05,2008-05-31
user00367,2004-03-27,2013-04-16
user00368,2009-04-22,2016-07-28
user00369,2014-09-08,2021-04-16
user00370,2012-07-04,2019-01-14
user00371,2007-08-10,2016-04-13
user00372,2011-06-29,2017-06-19
user00373,2015-06-03,2020-06-01
user00374,2000-08-06,2003-07-10
user00375,2007-01-06,2013-04-17
user00376,2005-02-13,2007-01-25
user00377,2019-02-22,2022-06-03
user00378,2019-09-23,2027-11-17
user00379,2012-06-14,2020-07-18
user00380,2002-05-20,2004-07-30
user00381,2006-12-24,2010-05-12
user00382,2011-12-02,2013-10-09
user00383,2013-03-23,2018-08-22
user00384,2011-12-17,2020-11-19
user00385,2015-12-27,2024-06-11
user00386,2004-06-22,2011-09-18
user00387,2009-06-05,2010-05-19
user00388,2004-06-08,2006-02-01
user00389,2002-03-01,2004-01-23
user00390,2008-11-18,2015-07-27
user00391,2001-08-25,2004-09-10
user00392,2015-11-01,2016-04-12
user00393,2007-12-05,2010-10-13
user00394,2009-04-18,2009-06-07
user00395,2010-03-13,2016-06-11
user00396,2017-07-31,2025-10-02
user00397,2016-07-23,2017-04-23
user00398,2000-06-25,2004-08-12
user00399,2015-06-27,2019-09-16
user00400,2006-01-15,2006-08-03
user00401,2002-06-15,2011-06-24
user00402,2018-11-15,2022-06-28
user00403,2015-02-17,2020-12-30
user00404,2006-04-01,2013-11-30
user00405,2014-01-08,2017-05-13
user00406,2018-10-13,2027-09-20
user00407,2006-11-05,2011-04-22
user00408,2010-05-12,2011-03-28
user00409,2015-06-09,2017-09-14
user00410,2009-03-28,2010-12-18
user00411,2007-07-19,2009-06-18
user00412,2020-12-06,2025-12-27
user00413,2018-10-06,2019-02-15
user00414,2007-09-12,2013-05-19
user00415,2020-03-03,2021-08-08
user00416,2013-09-05,2015-06-01
user00417,2018-02-01,2027-03-04
user00418,2020-07-02,2024-06-20
user00419,2012-12-23,2014-07-28
user00420,2020-11-18,2026-02-28
user00421,2006-03-16,2007-11-28
user00422,2010-11-27,2017-05-09
user00423,2013-03-24,2019-09-01
user00424,2005-08-29,2013-06-03
user00425,2011-09-09,2018-02-25
user00426,2018-09-11,2023-10-12
user00427,2009-02-04,2012-08-05
user00428,2000-06-14,2007-11-16
user00429,2006-11-27,2009-11-28
user00430,2009-05-29,2009-07-03
user00431,2014-04-29,2019-04-25
user00432,2000-08-15,2007-03-04
user00433,2014-04-21,2017-11-14
user00434,2003-08-07,2010-12-23
user00435,2018-07-11,2021-02-10
user00436,2013-10-16,2020-11-23
user00437,2009-12-04,2018-03-23
user00438,2003-04-03,2010-05-17
user00439,2017-10-25,2026-05-15
user00440,2010-08-06,2013-02-01
user00441,2019-01-17,2024-10-16
user00442,2016-01-23,2018-01-22
user00443,2002-05-16,2005-05-01
user00444,2002-04-07,2006-01-03
user00445,2002-02-12,2004-08-28
user00446,2017-01-24,2025-02-26
user00447,2005-05-07,2005-11-12
user00448,2013-10-08,2020-01-12
user00449,2005-12-14,2013-06-26
user00450,2011-11-18,2013-06-13
user00451,2009-09-03,2011-01-08
user00452,2012-08-21,2014-05-27
user00453,2016-03-16,2016-11-15
user00454,2003-04-24,2006-06-01
user00455,2010-12-21,2015-07-18
user00456,2018-07-03,2024-04-22
user00457,2014-10-12,2016-04-18
user00458,2001-05-02,2009-06-30
user00459,2001-08-27,2006-09-11
user00460,2005-06-28,2006-04-18
user00461,2012-08-19,2015-10-31
user00462,2015-01-11,2023-03-19
user00463,2020-03-13,2029-02-04
user00464,2016-11-28,2023-04-25
user00465,2009-01-14,2016-06-18
user00466,2015-10-20,2017-02-14
user00467,2016-05-30,2022-10-25
user00468,2015-12-22,2023-06-05
user00469,2009-01-10,2013-01-10
user00470,2017-01-04,2017-07-08
user00471,2008-08-06,2015-05-26
user00472,2010-11-05,2018-10-03
user00473,2011-09-04,2020-11-16
user00474,2010-03-11,2015-07-13
user00475,2017-09-07,2020-04-19
user00476,2018-04-15,2026-06-06
user00477,2005-03-18,2015-03-08
user00478,2011-02-10,2016-09-14
user00479,2010-06-02,2011-10-30
user00480,2019-04-27,2026-04-07
user00481,2017-02-27,2021-10-18
user00482,2002-04-12,2007-11-20
user00483,2007-07-04,2011-07-10
user00484,2002-04-07,2011-05-11
user00485,2011-01-07,2017-11-20
user00486,2007-10-11,2008-09-24
user00487,2010-12-03,2014-01-30
user00488,2012-11-05,2013-06-25
user00489,2004-01-26,2004-08-21
user00490,2012-03-01,2013-11-06
user00491,2015-06-17,2022-09-13
user00492,2000-07-30,2001-03-17
user00493,2000-07-16,2002-09-28
user00494,2012-01-24,2017-03-16
user00495,2013-05-16,2021-05-07
user00496,2016-01-29,2018-05-31
user00497,2017-12-29,2027-09-04
user00498,2004-08-05,2005-04-30
user00499,2003-11-23,2012-04-30
user00500,2008-09-05,2018-03-14
user00501,2009-11-27,2014-05-04
user00502,2010-03-31,2013-06-27
user00503,2012-01-26,2015-01-13
user00504,2015-02-03,2022-05-02
user00505,2019-10-16,2024-09-03
user00506,2003-12-30,2010-01-05
user00507,2001-05-17,2005-10-15
user00508,2016-02-09,2019-03-07
user00509,2012-05-20,2014-07-07
user00510,2019-05-12,2019-12-17
user00511,2004-10-13,2008-11-25
user00512,2012-12-28,2013-08-18
user00513,2002-08-07,2006-10-09
user00514,2013-06-18,2013-11-03
user00515,2008-09-20,2009-09-13
user00516,2004-06-24,2013-12-18
user00517,2002-04-15,2004-02-07
user00518,2008-02-17,2008-12-19
user00519,2002-05-20,2008-03-04
user00520,2008-10-11,2013-04-27
user00521,2001-09-21,2008-01-16
user00522,2009-10-02,2011-11-14
user00523,2017-01-03,2018-01-10
user00524,2011-06-13,2012-09-05
user00525,2001-06-12,2010-02-17
user00526,2009-03-21,2017-12-17
user00527,2010-02-19,2014-05-16
user00528,2015-01-15,2018-10-27
user00529,2000-11-03,2001-02-05
user00530,2014-11-08,2022-04-23
user00531,2009-09-07,2019-06-21
user00532,2011-04-10,2014-07-24
user00533,2012-12-24,2022-10-05
user00534,2009-11-18,2010-05-20
user00535,2018-02-05,2024-06-04
user00536,2002-04-25,2007-10-30
user00537,2003-03-27,2004-05-18
user00538,2006-01-21,2006-12-21
user00539,2006-05-25,2010-11-22
user00540,2006-05-16,2012-04-17
user00541,2011-09-28,2014-02-02
user00542,2005-10-10,2008-07-29
user00543,2002-01-08,2007-07-15
user00544,2015-09-25,2025-01-05
user00545,2009-02-26,2013-11-09
user00546,2020-02-05,2024-05-06
user00547,2014-03-11,2018-04-24
user00548,2011-08-14,2020-03-09
user00549,2015-07-24,2024-07-19
user00550,2000-03-27,2005-02-23
user00551,2020-02-08,2020-05-05
user00552,2002-05-03,2011-10-09
user00553,2004-06-01,2006-11-26
user00554,2019-05-29,2021-11-19
user00555,2017-08-20,2025-10-25
user00556,2009-06-14,2018-12-06
user00557,2004-11-11,2011-02-07
user00558,2020-01-07,2021-09-27
user00559,2007-07-01,2016-03-02
user00560,2013-05-30,2020-05-14
user00561,2008-11-08,2009-09-24
user00562,2013-09-12,2021-12-24
user00563,2011-05-07,2015-01-04
user00564,2011-11-30,2012-02-14
user00565,2005-12-09,2012-09-04
user00566,2010-12-30,2018-05-20
user00567,2006-07-02,2012-06-10
user00568,2007-11-26,2008-02-09
user00569,2012-09-18,2019-08-02
user00570,2016-05-31,2019-09-23
user00571,2009-02-27,2012-11-12
user00572,2005-01-07,2007-12-18
user00573,2001-12-19,2011-11-25
user00574,2019-08-14,2027-02-05
user00575,2014-01-18,2014-09-04
user00576,2006-05-09,2007-12-15
user00577,2015-01-03,2024-05-07
user00578,2004-02-15,2013-06-22
user00579,2008-08-30,2009-09-28
user00580,2017-11-10,2024-11-02
user00581,2002-10-09,2006-07-06
user00582,2011-07-10,2013-03-27
user00583,2005-07-24,2013-12-01
user00584,2018-12-18,2021-04-02
user00585,2010-07-16,2014-11-17
user00586,2013-08-24,2018-01-04
user00587,2002-07-28,2004-10-15
user00588,2016-12-06,2025-03-02
user00589,2013-06-16,2022-08-08
user00590,2000-11-22,2009-08-02
user00591,2008-04-12,2010-02-19
user00592,2010-10-13,2014-04-15
user00593,2003-01-12,2005-09-12
user00594,2018-10-30,2025-08-15
user00595,2011-10-05,2013-03-18
user00596,2014-01-27,2018-12-23
user00597,2013-05-14,2018-01-20
user00598,2013-02-16,2021-05-21
user00599,2018-12-15,2025-03-12
user00600,2005-02-26,2006-12-02
user00601,2005-04-27,2010-05-27
user00602,2007-02-16,2008-06-29
user00603,2014-10-12,2024-01-27
user00604,2018-09-08,2021-09-19
user00605,2010-02-07,2018-03-04
user00606,2011-05-06,2016-03-10
user00607,2010-11-18,2012-02-20
user00608,2007-02-11,2009-09-08
user00609,2009-07-07,2015-09-15
user00610,2017-11-19,2021-05-11
user00611,2008-11-09,2015-07-07
user00612,2017-11-02,2021-07-24
user00613,2007-10-14,2010-12-14
user00614,2018-06-01,2024-07-11
user00615,2013-11-09,2017-11-27
user00616,2020-05-09,2026-03-22
user00617,2014-05-29,2017-12-18
user00618,2005-08-22,2011-04-13
user00619,2018-01-29,2018-12-02
user00620,2002-07-24,2009-05-28
user00621,2011-07-07,2016-12-28
user00622,2000-11-01,2003-04-02
user00623,2014-01-20,2015-07-28
user00624,2020-11-08,2029-10-18
user00625,2004-02-26,2007-10-05
user00626,2011-08-14,2021-03-08
user00627,2001-07-07,2007-03-30
user00628,2017-12-07,2019-05-12
user00629,2000-05-23,2008-09-26
user00630,2007-04-11,2017-03-07
user00631,2003-11-07,2009-07-07
user00632,2007-07-16,2017-05-19
user00633,2019-03-13,2019-10-06
user00634,2010-03-18,2015-12-03
user00635,2020-06-29,2022-11-23
user00636,2018-09-06,2024-06-03
user00637,2013-11-13,2022-10-09
user00638,2002-08-15,2005-11-27
user00639,2010-10-25,2019-06-06
user00640,2018-03-10,2024-09-02
user00641,2002-02-09,2003-04-26
user00642,2014-09-09,2020-10-21
user00643,2002-02-27,2008-08-20
user00644,2001-02-23,2001-08-26
user00645,2001-09-07,2011-03-08
user00646,2007-03-25,2012-11-04
user00647,2019-02-16,2028-07-30
user00648,2006-07-23,2010-01-08
user00649,2010-07-04,2018-12-23
user00650,2013-08-25,2015-06-03
user00651,2000-09-16,2005-11-06
user00652,2012-05-07,2021-11-17
user00653,2009-01-25,2014-04-13
user00654,2012-05-20,2020-04-30
user00655,2019-02-27,2021-12-24
user00656,2005-03-23,2010-11-30
user00657,2004-09-25,2014-05-05
user00658,2006-12-07,2015-01-30
user00659,2009-09-29,2015-10-01
user00660,2011-05-18,2020-04-25
user00661,2016-11-08,2022-05-13
user00662,2006-04-04,2011-11-06
user00663,2009-02-11,2012-11-06
user00664,2007-11-19,2009-01-02
user00665,2008-08-03,2013-06-28
user00666,2008-02-20,2013-04-14
user00667,2000-05-04,2003-08-19
user00668,2008-02-12,2008-07-12
user00669,2000-08-30,2008-11-05
user00670,2020-09-12,2028-11-19
user00671,2012-03-23,2012-05-20
user00672,2015-12-14,2025-07-16
user00673,2001-01-31,2003-09-11
user00674,2000-04-16,2001-10-26
user00675,2014-02-27,2020-05-22
user00676,2016-04-19,2017-09-21
user00677,2009-05-06,2013-07-31
user00678,2017-11-21,2022-02-08
user00679,2005-01-18,2006-09-03
user00680,2001-04-17,2006-01-29
user00681,2009-01-13,2012-07-11
user00682,2018-01-06,2024-09-14
user00683,2003-08-10,2011-07-08
user00684,2017-02-10,2018-06-18
user00685,2012-11-12,2018-02-07
user00686,2006-10-31,2014-06-12
user00687,2008-06-26,2010-08-30
user00688,2015-12-22,2019-09-07
user00689,2012-12-14,2020-04-20
user00690,2001-07-16,2009-03-27
user00691,2007-10-10,2014-01-01
user00692,2003-06-20,2006-06-08
user00693,2001-07-17,2006-07-24
user00694,2013-06-16,2014-12-11
user00695,2009-12-25,2011-02-11
user00696,2020-06-04,2024-10-14
user00697,2015-08-28,2017-04-29
user00698,2001-11-13,2005-05-02
user00699,2007-11-11,2010-10-13
user00700,2012-04-07,2020-09-26
user00701,2017-08-20,2021-04-14
user00702,2013-12-26,2020-12-04
user00703,2009-11-10,2013-10-10
user00704,2011-03-19,2013-10-26
user00705,2020-07-19,2020-10-26
user00706,2001-04-05,2002-12-22
user00707,2010-03-06,2016-04-10
user00708,2017-04-12,2020-08-23
user00709,2007-03-24,2007-07-02
user00710,2012-07-20,2016-01-28
user00711,2000-09-14,2006-10-12
user00712,2010-05-21,2011-10-25
user00713,2003-01-03,2008-06-11
user00714,2007-11-09,2008-03-19
user00715,2013-06-04,2021-03-07
user00716,2007-10-12,2016-10-26
user00717,2002-01-13,2004-08-01
user00718,2005-05-17,2010-10-03
user00719,2002-06-29,2002-09-13
user00720,2012-05-21,2019-07-06
user00721,2007-06-01,2012-01-27
user00722,2006-08-21,2009-06-16
user00723,2014-10-10,2019-06-16
user00724,2005-01-18,2005-02-21
user00725,2020-11-26,2022-01-21
user00726,2000-02-29,2004-07-06
user00727,2011-02-18,2016-12-24
user00728,2003-04-23,2011-09-07
user00729,2008-03-03,2013-12-04
user00730,2003-12-20,2013-10-25
user00731,2001-11-14,2006-02-23
user00732,2000-10-09,2005-09-23
user00733,2005-05-15,2005-08-20
user00734,2020-01-01,2022-03-14
user00735,2020-12-06,2026-05-26
user00736,2007-05-02,2010-11-17
user00737,2003-09-10,2013-06-06
user00738,2006-03-05,2015-10-10
user00739,2002-05-12,2011-10-26
user00740,2010-04-26,2015-05-27
user00741,2019-08-24,2025-08-27
user00742,2007-04-14,2013-03-13
user00743,2010-05-03,2019-07-21
user00744,2016-09-14,2025-02-11
user00745,2020-12-22,2028-11-03
user00746,2004-05-10,2010-05-12
user00747,2014-04-18,2022-05-06
user00748,2006-06-20,2008-02-10
user00749,2014-05-29,2018-06-13
user00750,2017-08-26,2019-05-13
user00751,2009-06-06,2014-05-03
user00752,2000-07-20,2007-10-26
user00753,2009-03-23,2017-12-17
user00754,2001-10-25,2009-09-11
user00755,2002-02-24,2004-11-20
user00756,2004-05-30,2009-08-04
user00757,2013-08-21,2016-04-25
user00758,2014-03-05,2017-10-14
user00759,2016-10-25,2019-09-02
user00760,2012-01-05,2017-08-08
user00761,2011-04-02,2013-09-07
user00762,2007-07-08,2012-05-13
user00763,2017-11-02,2025-07-22
user00764,2018-09-19,2026-06-12
user00765,2020-03-21,2023-04-25
user00766,2012-01-01,2013-05-18
user00767,2017-05-04,2022-06-28
user00768,2014-03-31,2023-11-17
user00769,2005-03-19,2012-12-19
user00770,2020-02-28,2021-11-03
user00771,2018-04-27,2022-01-09
user00772,2016-02-24,2025-03-11
user00773,2003-01-22,2003-10-08
user00774,2003-03-11,2010-08-21
user00775,2020-02-19,2023-01-12
user00776,2004-08-28,2005-05-22
user00777,2012-07-23,2015-04-11
user00778,2018-02-12,2024-12-16
user00779,2011-11-21,2015-03-15
user00780,2008-01-31,2009-01-13
user00781,2002-02-08,2002-10-19
user00782,2008-08-28,2012-12-26
user00783,2004-03-07,2004-06-18
user00784,2005-11-08,2014-04-07
user00785,2003-05-12,2012-01-23
user00786,2006-08-28,2008-10-02
user00787,2015-07-13,2023-09-30
user00788,2017-05-29,2018-12-13
user00789,2011-08-11,2014-01-29
user00790,2018-04-20,2021-01-27
user00791,2001-02-10,2005-01-13
user00792,2005-05-21,2006-08-04
user00793,2013-02-03,2018-08-01
user00794,2007-03-25,2013-11-11
user00795,2014-07-18,2018-01-23
user00796,2000-01-21,2005-06-08
user00797,2006-10-01,2012-01-20
user00798,2016-04-24,2017-03-15
user00799,2015-08-02,2018-11-20
user00800,2013-05-22,2022-05-25
user00801,2014-10-11,2021-08-11
user00802,2018-01-13,2022-10-08
user00803,2011-10-18,2015-08-14
user00804,2012-08-05,2022-05-21
user00805,2018-10-17,2021-03-22
user00806,2016-08-18,2019-12-28
user00807,2003-10-13,2007-11-03
user00808,2016-02-25,2022-04-18
user00809,2020-12-22,2030-08-10
user00810,2003-11-12,2004-06-27
user00811,2003-11-30,2010-12-24
user00812,2017-09-24,2020-07-05
user00813,2011-12-27,2014-04-24
user00814,2010-05-27,2015-10-14
user00815,2014-12-01,2020-03-01
user00816,2001-09-13,2011-01-22
user00817,2009-12-30,2018-06-14
user00818,2017-11-07,2019-04-16
user00819,2019-04-12,2027-05-10
user00820,2020-02-29,2029-03-16
user00821,2013-11-18,2023-04-26
user00822,2019-11-16,2022-04-17
user00823,2008-01-26,2010-11-06
user00824,2013-03-02,2016-11-06
user00825,2005-02-17,2006-04-17
user00826,2001-01-31,2007-03-11
user00827,2013-03-25,2019-04-29
user00828,2017-10-31,2024-03-27
user00829,2009-08-22,2013-07-10
user00830,2013-07-24,2017-06-06
user00831,2013-08-03,2023-04-22
user00832,2014-07-14,2024-01-08
user00833,2005-07-03,2015-05-15
user00834,2006-05-21,2012-12-13
user00835,2013-04-15,2015-02-01
user00836,2005-05-09,2015-03-07
user00837,2012-06-29,2013-05-24
user00838,2018-10-23,2019-01-08
user00839,2010-08-05,2014-07-19
user00840,2007-01-15,2016-11-19
user00841,2016-10-18,2018-08-06
user00842,2007-09-15,2016-09-22
user00843,2015-02-17,2015-09-05
user00844,2014-09-22,2020-07-05
user00845,2012-10-12,2020-07-01
user00846,2015-08-17,2025-03-20
user00847,2017-02-12,2027-01-02
user00848,2016-08-13,2025-03-21
user00849,2012-11-15,2021-05-15
user00850,2008-09-28,2012-06-24
user00851,2013-05-04,2020-08-13
user00852,2014-07-23,2018-01-25
user00853,2000-11-28,2005-03-26
user00854,2001-12-22,2006-04-19
user00855,2004-04-06,2012-03-01
user00856,2009-01-27,2017-06-22
user00857,2018-05-17,2021-01-26
user00858,2015-09-05,2019-07-05
user00859,2018-08-24,2021-12-28
user00860,2006-11-28,2012-08-23
user00861,2012-09-19,2017-03-13
user00862,2001-12-09,2003-11-16
user00863,2005-06-18,2012-01-01
user00864,2000-07-30,2005-09-12
user00865,2000-07-09,2000-09-06
user00866,2000-10-10,2009-12-23
user00867,2011-10-08,2021-05-07
user00868,2010-11-09,2013-04-17
user00869,2016-12-06,2019-07-05
user00870,2011-09-16,2019-08-22
user00871,2011-03-25,2014-07-06
user00872,2008-06-30,2012-05-26
user00873,2010-11-04,2016-06-25
user00874,2015-04-03,2016-04-15
user00875,2017-07-07,2019-12-17
user00876,2020-12-10,2024-03-13
user00877,2003-07-03,2008-01-14
user00878,2015-01-10,2018-02-04
user00879,2012-02-10,2017-05-11
user00880,2014-05-02,2024-02-02
user00881,2017-10-16,2025-01-19
user00882,2010-06-23,2012-09-24
user00883,2001-11-03,2004-07-18
user00884,2018-08-20,2024-02-01
user00885,2015-07-14,2022-03-05
user00886,2007-07-26,2008-07-15
user00887,2003-12-17,2007-04-18
user00888,2000-05-17,2001-02-13
user00889,2020-07-26,2028-07-04
user00890,2017-03-03,2024-06-08
user00891,2020-06-18,2028-02-07
user00892,2009-01-17,2013-03-06
user00893,2000-01-14,2008-02-03
user00894,2013-12-21,2017-04-11
user00895,2001-01-25,2005-02-16
user00896,2010-04-03,2018-12-18
user00897,2018-02-02,2026-09-08
user00898,2001-02-01,2002-01-10
user00899,2009-11-13,2014-11-17
user00900,2003-07-01,2006-02-12
user00901,2002-08-22,2004-05-07
user00902,2019-05-31,2025-10-19
user00903,2016-05-05,2024-11-26
user00904,2005-09-27,2010-11-26
user00905,2008-06-29,2014-10-03
user00906,2019-09-16,2022-01-13
user00907,2012-06-10,2013-10-08
user00908,2008-09-05,2011-03-12
user00909,2002-12-17,2007-10-30
user00910,2015-10-29,2016-10-24
user00911,2016-08-18,2019-11-16
user00912,2017-06-01,2021-07-05
user00913,2006-12-31,2011-07-25
user00914,2000-07-06,2008-12-11
user00915,2002-12-31,2009-05-11
user00916,2011-03-27,2011-10-28
user00917,2006-07-10,2009-06-15
user00918,2018-06-19,2025-08-18
user00919,2011-02-25,2016-07-11
user00920,2007-03-08,2012-06-19
user00921,2017-03-13,2025-01-25
user00922,2004-02-19,2012-10-27
user00923,2002-08-23,2012-07-06
user00924,2006-04-16,2009-02-15
user00925,2006-12-08,2012-04-22
user00926,2011-01-03,2014-10-10
user00927,2014-11-20,2020-01-03
user00928,2010-08-24,2017-04-08
user00929,2001-11-29,2008-04-01
user00930,2008-01-04,2011-08-07
user00931,2014-09-21,2024-02-02
user00932,2014-11-19,2017-04-06
user00933,2005-09-22,2006-08-15
user00934,2002-07-08,2011-09-04
user00935,2004-02-18,2005-10-06
user00936,2019-01-12,2024-08-15
user00937,2013-07-17,2019-05-25
user00938,2013-07-31,2014-06-11
user00939,2003-08-29,2009-06-27
user00940,2017-02-17,2019-10-25
user00941,2003-07-27,2010-06-29
user00942,2004-06-02,2007-03-29
user00943,2014-05-22,2023-08-11
user00944,2004-01-12,2006-06-21
user00945,2011-09-30,2015-10-15
user00946,2006-09-07,2010-05-19
user00947,2016-05-09,2021-12-17
user00948,2018-01-06,2019-06-28
user00949,2012-05-26,2014-10-06
user00950,2012-10-07,2019-07-07
user00951,2006-08-29,2008-11-14
user00952,2015-06-30,2017-04-29
user00953,2005-10-20,2006-02-23
user00954,2003-12-16,2012-03-19
user00955,2006-01-30,2014-07-04
user00956,2014-08-04,2015-07-28
user00957,2004-10-03,2009-11-24
user00958,2007-09-19,2014-09-12
user00959,2005-10-19,2007-09-10
user00960,2016-06-09,2024-03-25
user00961,2012-05-23,2018-11-10
user00962,2006-07-27,2008-01-11
user00963,2019-11-30,2029-06-10
user00964,2017-06-12,2026-09-28
user00965,2010-03-19,2010-06-16
user00966,2006-08-23,2010-07-19
user00967,2000-11-11,2003-04-24
user00968,2011-05-19,2018-10-17
user00969,2010-10-07,2016-02-08
user00970,2013-05-04,2016-04-22
user00971,2007-01-16,2013-11-20
user00972,2000-05-17,2006-01-26
user00973,2005-01-08,2009-06-11
user00974,2020-04-09,2029-12-17
user00975,2007-03-09,2016-06-03
user00976,2001-04-10,2005-01-19
user00977,2020-11-07,2027-07-19
user00978,2006-05-29,2008-04-16
user00979,2020-07-19,2027-10-06
user00980,2017-07-26,2024-01-09
user00981,2010-04-15,2014-07-31
user00982,2017-05-23,2021-01-28
user00983,2014-03-07,2023-03-20
user00984,2003-11-05,2012-12-19
user00985,2006-11-12,2007-11-03
user00986,2004-07-14,2007-12-04
user00987,2006-07-09,2015-12-29
user00988,2020-06-02,2024-09-12
user00989,2020-03-06,2020-09-06
user00990,2011-06-05,2017-04-10
user00991,2014-03-06,2017-04-22
user00992,2006-01-10,2013-10-27
user00993,2008-01-01,2012-09-15
user00994,2015-10-18,2018-09-16
user00995,2004-08-03,2004-11-01
user00996,2006-05-20,2008-08-04
user00997,2018-04-12,2021-11-22
user00998,2012-03-21,2014-02-01
user00999,2019-01-17,2026-10-16
